Node1,Node2,Delay
Large1,Large1,1e-05
Large1,Large2,15.342107306067106
Large1,Large3,7.4589293858181485
Large2,Large1,10.592382894297991
Large2,Large2,1e-05
Large2,Large3,8.587991839981068
Large3,Large1,15.928773347398476
Large3,Large2,8.7207093057261
Large3,Large3,1e-05
Medium1,Medium1,1e-05
Medium1,Medium2,8.7207093057261
Medium1,Medium3,8.7207093057261
Medium1,Medium4,3.958707570795379
Medium1,Medium5,15.928773347398476
Medium1,Medium6,15.928773347398476
Medium1,Medium7,8.7207093057261
Medium1,Medium8,1.1150932951817545
Medium1,Medium9,8.7207093057261
Medium2,Medium1,8.587991839981068
Medium2,Medium2,1e-05
Medium2,Medium3,4.422976280659036
Medium2,Medium4,8.587991839981068
Medium2,Medium5,10.592382894297991
Medium2,Medium6,10.592382894297991
Medium2,Medium7,2.710906979482516
Medium2,Medium8,8.587991839981068
Medium2,Medium9,4.7366763424656035
Medium3,Medium1,8.587991839981068
Medium3,Medium2,4.184025864721898
Medium3,Medium3,1e-05
Medium3,Medium4,8.587991839981068
Medium3,Medium5,10.592382894297991
Medium3,Medium6,10.592382894297991
Medium3,Medium7,4.370260836682499
Medium3,Medium8,8.587991839981068
Medium3,Medium9,1.1206369674039984
Medium4,Medium1,3.993795007063324
Medium4,Medium2,8.7207093057261
Medium4,Medium3,8.7207093057261
Medium4,Medium4,1e-05
Medium4,Medium5,15.928773347398476
Medium4,Medium6,15.928773347398476
Medium4,Medium7,8.7207093057261
Medium4,Medium8,3.1014777371100855
Medium4,Medium9,8.7207093057261
Medium5,Medium1,7.4589293858181485
Medium5,Medium2,15.342107306067106
Medium5,Medium3,15.342107306067106
Medium5,Medium4,7.4589293858181485
Medium5,Medium5,1e-05
Medium5,Medium6,4.544890634365354
Medium5,Medium7,15.342107306067106
Medium5,Medium8,7.4589293858181485
Medium5,Medium9,15.342107306067106
Medium6,Medium1,7.4589293858181485
Medium6,Medium2,15.342107306067106
Medium6,Medium3,15.342107306067106
Medium6,Medium4,7.4589293858181485
Medium6,Medium5,3.2667418989710884
Medium6,Medium6,1e-05
Medium6,Medium7,15.342107306067106
Medium6,Medium8,7.4589293858181485
Medium6,Medium9,15.342107306067106
Medium7,Medium1,8.587991839981068
Medium7,Medium2,2.3891256711154374
Medium7,Medium3,4.617108302874278
Medium7,Medium4,8.587991839981068
Medium7,Medium5,10.592382894297991
Medium7,Medium6,10.592382894297991
Medium7,Medium7,1e-05
Medium7,Medium8,8.587991839981068
Medium7,Medium9,4.978978754187812
Medium8,Medium1,1.8836543374623202
Medium8,Medium2,8.7207093057261
Medium8,Medium3,8.7207093057261
Medium8,Medium4,1.5831981505313322
Medium8,Medium5,15.928773347398476
Medium8,Medium6,15.928773347398476
Medium8,Medium7,8.7207093057261
Medium8,Medium8,1e-05
Medium8,Medium9,8.7207093057261
Medium9,Medium1,8.587991839981068
Medium9,Medium2,2.766684679035812
Medium9,Medium3,3.6302815396977883
Medium9,Medium4,8.587991839981068
Medium9,Medium5,10.592382894297991
Medium9,Medium6,10.592382894297991
Medium9,Medium7,1.6456558882770387
Medium9,Medium8,8.587991839981068
Medium9,Medium9,1e-05
Edge1,Edge1,1e-05
Edge1,Edge2,7.4589293858181485
Edge1,Edge3,15.342107306067106
Edge1,Edge4,3.342819692093675
Edge1,Edge5,3.1717364026031487
Edge1,Edge6,3.2667418989710884
Edge1,Edge7,4.196171820352454
Edge1,Edge8,3.2667418989710884
Edge1,Edge9,7.4589293858181485
Edge1,Edge10,15.342107306067106
Edge1,Edge11,7.4589293858181485
Edge1,Edge12,15.342107306067106
Edge1,Edge13,15.342107306067106
Edge1,Edge14,7.4589293858181485
Edge1,Edge15,15.342107306067106
Edge1,Edge16,15.342107306067106
Edge1,Edge17,15.342107306067106
Edge1,Edge18,7.4589293858181485
Edge1,Edge19,7.4589293858181485
Edge1,Edge20,15.342107306067106
Edge1,Edge21,1.581428002585843
Edge1,Edge22,15.342107306067106
Edge1,Edge23,15.342107306067106
Edge1,Edge24,7.4589293858181485
Edge1,Edge25,15.342107306067106
Edge1,Edge26,7.4589293858181485
Edge1,Edge27,15.342107306067106
Edge1,Edge28,3.2667418989710884
Edge1,Edge29,15.342107306067106
Edge1,Edge30,15.342107306067106
Edge1,Edge31,7.4589293858181485
Edge1,Edge32,15.342107306067106
Edge1,Edge33,15.342107306067106
Edge1,Edge34,15.342107306067106
Edge1,Edge35,3.2667418989710884
Edge1,Edge36,15.342107306067106
Edge1,Edge37,1.5620231003905958
Edge1,Edge38,7.4589293858181485
Edge1,Edge39,15.342107306067106
Edge1,Edge40,7.4589293858181485
Edge1,Edge41,3.2667418989710884
Edge1,Edge42,3.2667418989710884
Edge1,Edge43,15.342107306067106
Edge1,Edge44,15.342107306067106
Edge1,Edge45,3.2667418989710884
Edge2,Edge1,15.928773347398476
Edge2,Edge2,1e-05
Edge2,Edge3,8.7207093057261
Edge2,Edge4,15.928773347398476
Edge2,Edge5,15.928773347398476
Edge2,Edge6,15.928773347398476
Edge2,Edge7,15.928773347398476
Edge2,Edge8,15.928773347398476
Edge2,Edge9,1.1150932951817545
Edge2,Edge10,8.7207093057261
Edge2,Edge11,3.958707570795379
Edge2,Edge12,8.7207093057261
Edge2,Edge13,8.7207093057261
Edge2,Edge14,1.1150932951817545
Edge2,Edge15,8.7207093057261
Edge2,Edge16,8.7207093057261
Edge2,Edge17,8.7207093057261
Edge2,Edge18,3.958707570795379
Edge2,Edge19,3.073849048366562
Edge2,Edge20,8.7207093057261
Edge2,Edge21,15.928773347398476
Edge2,Edge22,8.7207093057261
Edge2,Edge23,8.7207093057261
Edge2,Edge24,4.0091224566644215
Edge2,Edge25,8.7207093057261
Edge2,Edge26,1.1150932951817545
Edge2,Edge27,8.7207093057261
Edge2,Edge28,15.928773347398476
Edge2,Edge29,8.7207093057261
Edge2,Edge30,8.7207093057261
Edge2,Edge31,1.1150932951817545
Edge2,Edge32,8.7207093057261
Edge2,Edge33,8.7207093057261
Edge2,Edge34,8.7207093057261
Edge2,Edge35,15.928773347398476
Edge2,Edge36,8.7207093057261
Edge2,Edge37,15.928773347398476
Edge2,Edge38,1.1150932951817545
Edge2,Edge39,8.7207093057261
Edge2,Edge40,1.1150932951817545
Edge2,Edge41,15.928773347398476
Edge2,Edge42,15.928773347398476
Edge2,Edge43,8.7207093057261
Edge2,Edge44,8.7207093057261
Edge2,Edge45,15.928773347398476
Edge3,Edge1,10.592382894297991
Edge3,Edge2,8.587991839981068
Edge3,Edge3,1e-05
Edge3,Edge4,10.592382894297991
Edge3,Edge5,10.592382894297991
Edge3,Edge6,10.592382894297991
Edge3,Edge7,10.592382894297991
Edge3,Edge8,10.592382894297991
Edge3,Edge9,8.587991839981068
Edge3,Edge10,4.370260836682499
Edge3,Edge11,8.587991839981068
Edge3,Edge12,4.184025864721898
Edge3,Edge13,1.1206369674039984
Edge3,Edge14,8.587991839981068
Edge3,Edge15,3.3477132224763895
Edge3,Edge16,4.370260836682499
Edge3,Edge17,1.1206369674039984
Edge3,Edge18,8.587991839981068
Edge3,Edge19,8.587991839981068
Edge3,Edge20,4.370260836682499
Edge3,Edge21,10.592382894297991
Edge3,Edge22,1.1206369674039984
Edge3,Edge23,1.1206369674039984
Edge3,Edge24,8.587991839981068
Edge3,Edge25,3.9722815075745705
Edge3,Edge26,8.587991839981068
Edge3,Edge27,4.184025864721898
Edge3,Edge28,10.592382894297991
Edge3,Edge29,4.184025864721898
Edge3,Edge30,2.0548112450910714
Edge3,Edge31,8.587991839981068
Edge3,Edge32,4.184025864721898
Edge3,Edge33,4.184025864721898
Edge3,Edge34,4.370260836682499
Edge3,Edge35,10.592382894297991
Edge3,Edge36,1.1311874789220768
Edge3,Edge37,10.592382894297991
Edge3,Edge38,8.587991839981068
Edge3,Edge39,4.370260836682499
Edge3,Edge40,8.587991839981068
Edge3,Edge41,10.592382894297991
Edge3,Edge42,10.592382894297991
Edge3,Edge43,3.757180221444577
Edge3,Edge44,4.370260836682499
Edge3,Edge45,10.592382894297991
Edge4,Edge1,3.588757208982761
Edge4,Edge2,7.4589293858181485
Edge4,Edge3,15.342107306067106
Edge4,Edge4,1e-05
Edge4,Edge5,1.1092511645723344
Edge4,Edge6,3.2667418989710884
Edge4,Edge7,1.343507810295269
Edge4,Edge8,3.2667418989710884
Edge4,Edge9,7.4589293858181485
Edge4,Edge10,15.342107306067106
Edge4,Edge11,7.4589293858181485
Edge4,Edge12,15.342107306067106
Edge4,Edge13,15.342107306067106
Edge4,Edge14,7.4589293858181485
Edge4,Edge15,15.342107306067106
Edge4,Edge16,15.342107306067106
Edge4,Edge17,15.342107306067106
Edge4,Edge18,7.4589293858181485
Edge4,Edge19,7.4589293858181485
Edge4,Edge20,15.342107306067106
Edge4,Edge21,3.793771223622806
Edge4,Edge22,15.342107306067106
Edge4,Edge23,15.342107306067106
Edge4,Edge24,7.4589293858181485
Edge4,Edge25,15.342107306067106
Edge4,Edge26,7.4589293858181485
Edge4,Edge27,15.342107306067106
Edge4,Edge28,3.2667418989710884
Edge4,Edge29,15.342107306067106
Edge4,Edge30,15.342107306067106
Edge4,Edge31,7.4589293858181485
Edge4,Edge32,15.342107306067106
Edge4,Edge33,15.342107306067106
Edge4,Edge34,15.342107306067106
Edge4,Edge35,3.2667418989710884
Edge4,Edge36,15.342107306067106
Edge4,Edge37,3.666496157381546
Edge4,Edge38,7.4589293858181485
Edge4,Edge39,15.342107306067106
Edge4,Edge40,7.4589293858181485
Edge4,Edge41,3.2667418989710884
Edge4,Edge42,3.2667418989710884
Edge4,Edge43,15.342107306067106
Edge4,Edge44,15.342107306067106
Edge4,Edge45,3.2667418989710884
Edge5,Edge1,1.8333169604186836
Edge5,Edge2,7.4589293858181485
Edge5,Edge3,15.342107306067106
Edge5,Edge4,2.045766715218163
Edge5,Edge5,1e-05
Edge5,Edge6,3.2667418989710884
Edge5,Edge7,2.673205351384277
Edge5,Edge8,3.2667418989710884
Edge5,Edge9,7.4589293858181485
Edge5,Edge10,15.342107306067106
Edge5,Edge11,7.4589293858181485
Edge5,Edge12,15.342107306067106
Edge5,Edge13,15.342107306067106
Edge5,Edge14,7.4589293858181485
Edge5,Edge15,15.342107306067106
Edge5,Edge16,15.342107306067106
Edge5,Edge17,15.342107306067106
Edge5,Edge18,7.4589293858181485
Edge5,Edge19,7.4589293858181485
Edge5,Edge20,15.342107306067106
Edge5,Edge21,1.0827453592484741
Edge5,Edge22,15.342107306067106
Edge5,Edge23,15.342107306067106
Edge5,Edge24,7.4589293858181485
Edge5,Edge25,15.342107306067106
Edge5,Edge26,7.4589293858181485
Edge5,Edge27,15.342107306067106
Edge5,Edge28,3.2667418989710884
Edge5,Edge29,15.342107306067106
Edge5,Edge30,15.342107306067106
Edge5,Edge31,7.4589293858181485
Edge5,Edge32,15.342107306067106
Edge5,Edge33,15.342107306067106
Edge5,Edge34,15.342107306067106
Edge5,Edge35,3.2667418989710884
Edge5,Edge36,15.342107306067106
Edge5,Edge37,2.2002727302776095
Edge5,Edge38,7.4589293858181485
Edge5,Edge39,15.342107306067106
Edge5,Edge40,7.4589293858181485
Edge5,Edge41,3.2667418989710884
Edge5,Edge42,3.2667418989710884
Edge5,Edge43,15.342107306067106
Edge5,Edge44,15.342107306067106
Edge5,Edge45,3.2667418989710884
Edge6,Edge1,4.544890634365354
Edge6,Edge2,7.4589293858181485
Edge6,Edge3,15.342107306067106
Edge6,Edge4,4.544890634365354
Edge6,Edge5,4.544890634365354
Edge6,Edge6,1e-05
Edge6,Edge7,4.544890634365354
Edge6,Edge8,1.9595856182972535
Edge6,Edge9,7.4589293858181485
Edge6,Edge10,15.342107306067106
Edge6,Edge11,7.4589293858181485
Edge6,Edge12,15.342107306067106
Edge6,Edge13,15.342107306067106
Edge6,Edge14,7.4589293858181485
Edge6,Edge15,15.342107306067106
Edge6,Edge16,15.342107306067106
Edge6,Edge17,15.342107306067106
Edge6,Edge18,7.4589293858181485
Edge6,Edge19,7.4589293858181485
Edge6,Edge20,15.342107306067106
Edge6,Edge21,4.544890634365354
Edge6,Edge22,15.342107306067106
Edge6,Edge23,15.342107306067106
Edge6,Edge24,7.4589293858181485
Edge6,Edge25,15.342107306067106
Edge6,Edge26,7.4589293858181485
Edge6,Edge27,15.342107306067106
Edge6,Edge28,1.167916747753122
Edge6,Edge29,15.342107306067106
Edge6,Edge30,15.342107306067106
Edge6,Edge31,7.4589293858181485
Edge6,Edge32,15.342107306067106
Edge6,Edge33,15.342107306067106
Edge6,Edge34,15.342107306067106
Edge6,Edge35,3.0986327097217568
Edge6,Edge36,15.342107306067106
Edge6,Edge37,4.544890634365354
Edge6,Edge38,7.4589293858181485
Edge6,Edge39,15.342107306067106
Edge6,Edge40,7.4589293858181485
Edge6,Edge41,4.764980074966063
Edge6,Edge42,1.3110748092933973
Edge6,Edge43,15.342107306067106
Edge6,Edge44,15.342107306067106
Edge6,Edge45,3.770920319644745
Edge7,Edge1,3.4565645272995003
Edge7,Edge2,7.4589293858181485
Edge7,Edge3,15.342107306067106
Edge7,Edge4,2.1409025399759636
Edge7,Edge5,3.5739186408168084
Edge7,Edge6,3.2667418989710884
Edge7,Edge7,1e-05
Edge7,Edge8,3.2667418989710884
Edge7,Edge9,7.4589293858181485
Edge7,Edge10,15.342107306067106
Edge7,Edge11,7.4589293858181485
Edge7,Edge12,15.342107306067106
Edge7,Edge13,15.342107306067106
Edge7,Edge14,7.4589293858181485
Edge7,Edge15,15.342107306067106
Edge7,Edge16,15.342107306067106
Edge7,Edge17,15.342107306067106
Edge7,Edge18,7.4589293858181485
Edge7,Edge19,7.4589293858181485
Edge7,Edge20,15.342107306067106
Edge7,Edge21,4.092746985223467
Edge7,Edge22,15.342107306067106
Edge7,Edge23,15.342107306067106
Edge7,Edge24,7.4589293858181485
Edge7,Edge25,15.342107306067106
Edge7,Edge26,7.4589293858181485
Edge7,Edge27,15.342107306067106
Edge7,Edge28,3.2667418989710884
Edge7,Edge29,15.342107306067106
Edge7,Edge30,15.342107306067106
Edge7,Edge31,7.4589293858181485
Edge7,Edge32,15.342107306067106
Edge7,Edge33,15.342107306067106
Edge7,Edge34,15.342107306067106
Edge7,Edge35,3.2667418989710884
Edge7,Edge36,15.342107306067106
Edge7,Edge37,2.0401103492949817
Edge7,Edge38,7.4589293858181485
Edge7,Edge39,15.342107306067106
Edge7,Edge40,7.4589293858181485
Edge7,Edge41,3.2667418989710884
Edge7,Edge42,3.2667418989710884
Edge7,Edge43,15.342107306067106
Edge7,Edge44,15.342107306067106
Edge7,Edge45,3.2667418989710884
Edge8,Edge1,4.544890634365354
Edge8,Edge2,7.4589293858181485
Edge8,Edge3,15.342107306067106
Edge8,Edge4,4.544890634365354
Edge8,Edge5,4.544890634365354
Edge8,Edge6,2.63708927922321
Edge8,Edge7,4.544890634365354
Edge8,Edge8,1e-05
Edge8,Edge9,7.4589293858181485
Edge8,Edge10,15.342107306067106
Edge8,Edge11,7.4589293858181485
Edge8,Edge12,15.342107306067106
Edge8,Edge13,15.342107306067106
Edge8,Edge14,7.4589293858181485
Edge8,Edge15,15.342107306067106
Edge8,Edge16,15.342107306067106
Edge8,Edge17,15.342107306067106
Edge8,Edge18,7.4589293858181485
Edge8,Edge19,7.4589293858181485
Edge8,Edge20,15.342107306067106
Edge8,Edge21,4.544890634365354
Edge8,Edge22,15.342107306067106
Edge8,Edge23,15.342107306067106
Edge8,Edge24,7.4589293858181485
Edge8,Edge25,15.342107306067106
Edge8,Edge26,7.4589293858181485
Edge8,Edge27,15.342107306067106
Edge8,Edge28,3.508359058867247
Edge8,Edge29,15.342107306067106
Edge8,Edge30,15.342107306067106
Edge8,Edge31,7.4589293858181485
Edge8,Edge32,15.342107306067106
Edge8,Edge33,15.342107306067106
Edge8,Edge34,15.342107306067106
Edge8,Edge35,2.760618398087245
Edge8,Edge36,15.342107306067106
Edge8,Edge37,4.544890634365354
Edge8,Edge38,7.4589293858181485
Edge8,Edge39,15.342107306067106
Edge8,Edge40,7.4589293858181485
Edge8,Edge41,1.7426686947269534
Edge8,Edge42,2.6128967871204942
Edge8,Edge43,15.342107306067106
Edge8,Edge44,15.342107306067106
Edge8,Edge45,3.842908326017549
Edge9,Edge1,15.928773347398476
Edge9,Edge2,1.8836543374623202
Edge9,Edge3,8.7207093057261
Edge9,Edge4,15.928773347398476
Edge9,Edge5,15.928773347398476
Edge9,Edge6,15.928773347398476
Edge9,Edge7,15.928773347398476
Edge9,Edge8,15.928773347398476
Edge9,Edge9,1e-05
Edge9,Edge10,8.7207093057261
Edge9,Edge11,1.5831981505313322
Edge9,Edge12,8.7207093057261
Edge9,Edge13,8.7207093057261
Edge9,Edge14,3.3430461201025796
Edge9,Edge15,8.7207093057261
Edge9,Edge16,8.7207093057261
Edge9,Edge17,8.7207093057261
Edge9,Edge18,1.5831981505313322
Edge9,Edge19,1.8836543374623202
Edge9,Edge20,8.7207093057261
Edge9,Edge21,15.928773347398476
Edge9,Edge22,8.7207093057261
Edge9,Edge23,8.7207093057261
Edge9,Edge24,1.8836543374623202
Edge9,Edge25,8.7207093057261
Edge9,Edge26,2.2959155327431353
Edge9,Edge27,8.7207093057261
Edge9,Edge28,15.928773347398476
Edge9,Edge29,8.7207093057261
Edge9,Edge30,8.7207093057261
Edge9,Edge31,2.1232554294813877
Edge9,Edge32,8.7207093057261
Edge9,Edge33,8.7207093057261
Edge9,Edge34,8.7207093057261
Edge9,Edge35,15.928773347398476
Edge9,Edge36,8.7207093057261
Edge9,Edge37,15.928773347398476
Edge9,Edge38,1.6762768334707676
Edge9,Edge39,8.7207093057261
Edge9,Edge40,3.6669735782704156
Edge9,Edge41,15.928773347398476
Edge9,Edge42,15.928773347398476
Edge9,Edge43,8.7207093057261
Edge9,Edge44,8.7207093057261
Edge9,Edge45,15.928773347398476
Edge10,Edge1,10.592382894297991
Edge10,Edge2,8.587991839981068
Edge10,Edge3,4.617108302874278
Edge10,Edge4,10.592382894297991
Edge10,Edge5,10.592382894297991
Edge10,Edge6,10.592382894297991
Edge10,Edge7,10.592382894297991
Edge10,Edge8,10.592382894297991
Edge10,Edge9,8.587991839981068
Edge10,Edge10,1e-05
Edge10,Edge11,8.587991839981068
Edge10,Edge12,2.3891256711154374
Edge10,Edge13,4.978978754187812
Edge10,Edge14,8.587991839981068
Edge10,Edge15,4.617108302874278
Edge10,Edge16,4.11491575572583
Edge10,Edge17,4.978978754187812
Edge10,Edge18,8.587991839981068
Edge10,Edge19,8.587991839981068
Edge10,Edge20,1.9696607354600877
Edge10,Edge21,10.592382894297991
Edge10,Edge22,4.978978754187812
Edge10,Edge23,4.978978754187812
Edge10,Edge24,8.587991839981068
Edge10,Edge25,4.617108302874278
Edge10,Edge26,8.587991839981068
Edge10,Edge27,2.3891256711154374
Edge10,Edge28,10.592382894297991
Edge10,Edge29,2.3891256711154374
Edge10,Edge30,4.617108302874278
Edge10,Edge31,8.587991839981068
Edge10,Edge32,2.3891256711154374
Edge10,Edge33,2.3891256711154374
Edge10,Edge34,3.4857325646294295
Edge10,Edge35,10.592382894297991
Edge10,Edge36,4.617108302874278
Edge10,Edge37,10.592382894297991
Edge10,Edge38,8.587991839981068
Edge10,Edge39,1.2745835471120355
Edge10,Edge40,8.587991839981068
Edge10,Edge41,10.592382894297991
Edge10,Edge42,10.592382894297991
Edge10,Edge43,4.617108302874278
Edge10,Edge44,1.7050672753547547
Edge10,Edge45,10.592382894297991
Edge11,Edge1,15.928773347398476
Edge11,Edge2,3.993795007063324
Edge11,Edge3,8.7207093057261
Edge11,Edge4,15.928773347398476
Edge11,Edge5,15.928773347398476
Edge11,Edge6,15.928773347398476
Edge11,Edge7,15.928773347398476
Edge11,Edge8,15.928773347398476
Edge11,Edge9,3.1014777371100855
Edge11,Edge10,8.7207093057261
Edge11,Edge11,1e-05
Edge11,Edge12,8.7207093057261
Edge11,Edge13,8.7207093057261
Edge11,Edge14,3.1014777371100855
Edge11,Edge15,8.7207093057261
Edge11,Edge16,8.7207093057261
Edge11,Edge17,8.7207093057261
Edge11,Edge18,3.371406052068723
Edge11,Edge19,3.993795007063324
Edge11,Edge20,8.7207093057261
Edge11,Edge21,15.928773347398476
Edge11,Edge22,8.7207093057261
Edge11,Edge23,8.7207093057261
Edge11,Edge24,3.993795007063324
Edge11,Edge25,8.7207093057261
Edge11,Edge26,3.1014777371100855
Edge11,Edge27,8.7207093057261
Edge11,Edge28,15.928773347398476
Edge11,Edge29,8.7207093057261
Edge11,Edge30,8.7207093057261
Edge11,Edge31,3.1014777371100855
Edge11,Edge32,8.7207093057261
Edge11,Edge33,8.7207093057261
Edge11,Edge34,8.7207093057261
Edge11,Edge35,15.928773347398476
Edge11,Edge36,8.7207093057261
Edge11,Edge37,15.928773347398476
Edge11,Edge38,3.1014777371100855
Edge11,Edge39,8.7207093057261
Edge11,Edge40,3.1014777371100855
Edge11,Edge41,15.928773347398476
Edge11,Edge42,15.928773347398476
Edge11,Edge43,8.7207093057261
Edge11,Edge44,8.7207093057261
Edge11,Edge45,15.928773347398476
Edge12,Edge1,10.592382894297991
Edge12,Edge2,8.587991839981068
Edge12,Edge3,4.422976280659036
Edge12,Edge4,10.592382894297991
Edge12,Edge5,10.592382894297991
Edge12,Edge6,10.592382894297991
Edge12,Edge7,10.592382894297991
Edge12,Edge8,10.592382894297991
Edge12,Edge9,8.587991839981068
Edge12,Edge10,2.710906979482516
Edge12,Edge11,8.587991839981068
Edge12,Edge12,1e-05
Edge12,Edge13,4.7366763424656035
Edge12,Edge14,8.587991839981068
Edge12,Edge15,4.422976280659036
Edge12,Edge16,2.710906979482516
Edge12,Edge17,4.7366763424656035
Edge12,Edge18,8.587991839981068
Edge12,Edge19,8.587991839981068
Edge12,Edge20,2.710906979482516
Edge12,Edge21,10.592382894297991
Edge12,Edge22,4.7366763424656035
Edge12,Edge23,4.7366763424656035
Edge12,Edge24,8.587991839981068
Edge12,Edge25,4.422976280659036
Edge12,Edge26,8.587991839981068
Edge12,Edge27,2.4680615379660718
Edge12,Edge28,10.592382894297991
Edge12,Edge29,2.7004437285141507
Edge12,Edge30,4.422976280659036
Edge12,Edge31,8.587991839981068
Edge12,Edge32,1.2203687710231375
Edge12,Edge33,3.0241164982865425
Edge12,Edge34,2.710906979482516
Edge12,Edge35,10.592382894297991
Edge12,Edge36,4.422976280659036
Edge12,Edge37,10.592382894297991
Edge12,Edge38,8.587991839981068
Edge12,Edge39,2.710906979482516
Edge12,Edge40,8.587991839981068
Edge12,Edge41,10.592382894297991
Edge12,Edge42,10.592382894297991
Edge12,Edge43,4.422976280659036
Edge12,Edge44,2.710906979482516
Edge12,Edge45,10.592382894297991
Edge13,Edge1,10.592382894297991
Edge13,Edge2,8.587991839981068
Edge13,Edge3,3.6302815396977883
Edge13,Edge4,10.592382894297991
Edge13,Edge5,10.592382894297991
Edge13,Edge6,10.592382894297991
Edge13,Edge7,10.592382894297991
Edge13,Edge8,10.592382894297991
Edge13,Edge9,8.587991839981068
Edge13,Edge10,1.6456558882770387
Edge13,Edge11,8.587991839981068
Edge13,Edge12,2.766684679035812
Edge13,Edge13,1e-05
Edge13,Edge14,8.587991839981068
Edge13,Edge15,3.6302815396977883
Edge13,Edge16,1.6456558882770387
Edge13,Edge17,2.893833149380615
Edge13,Edge18,8.587991839981068
Edge13,Edge19,8.587991839981068
Edge13,Edge20,1.6456558882770387
Edge13,Edge21,10.592382894297991
Edge13,Edge22,1.9167189281985095
Edge13,Edge23,3.5057727754265415
Edge13,Edge24,8.587991839981068
Edge13,Edge25,3.6302815396977883
Edge13,Edge26,8.587991839981068
Edge13,Edge27,2.766684679035812
Edge13,Edge28,10.592382894297991
Edge13,Edge29,2.766684679035812
Edge13,Edge30,3.6302815396977883
Edge13,Edge31,8.587991839981068
Edge13,Edge32,2.766684679035812
Edge13,Edge33,2.766684679035812
Edge13,Edge34,1.6456558882770387
Edge13,Edge35,10.592382894297991
Edge13,Edge36,3.6302815396977883
Edge13,Edge37,10.592382894297991
Edge13,Edge38,8.587991839981068
Edge13,Edge39,1.6456558882770387
Edge13,Edge40,8.587991839981068
Edge13,Edge41,10.592382894297991
Edge13,Edge42,10.592382894297991
Edge13,Edge43,3.6302815396977883
Edge13,Edge44,1.6456558882770387
Edge13,Edge45,10.592382894297991
Edge14,Edge1,15.928773347398476
Edge14,Edge2,1.8836543374623202
Edge14,Edge3,8.7207093057261
Edge14,Edge4,15.928773347398476
Edge14,Edge5,15.928773347398476
Edge14,Edge6,15.928773347398476
Edge14,Edge7,15.928773347398476
Edge14,Edge8,15.928773347398476
Edge14,Edge9,1.8982595973808407
Edge14,Edge10,8.7207093057261
Edge14,Edge11,1.5831981505313322
Edge14,Edge12,8.7207093057261
Edge14,Edge13,8.7207093057261
Edge14,Edge14,1e-05
Edge14,Edge15,8.7207093057261
Edge14,Edge16,8.7207093057261
Edge14,Edge17,8.7207093057261
Edge14,Edge18,1.5831981505313322
Edge14,Edge19,1.8836543374623202
Edge14,Edge20,8.7207093057261
Edge14,Edge21,15.928773347398476
Edge14,Edge22,8.7207093057261
Edge14,Edge23,8.7207093057261
Edge14,Edge24,1.8836543374623202
Edge14,Edge25,8.7207093057261
Edge14,Edge26,2.4135498485342946
Edge14,Edge27,8.7207093057261
Edge14,Edge28,15.928773347398476
Edge14,Edge29,8.7207093057261
Edge14,Edge30,8.7207093057261
Edge14,Edge31,1.4267737911328688
Edge14,Edge32,8.7207093057261
Edge14,Edge33,8.7207093057261
Edge14,Edge34,8.7207093057261
Edge14,Edge35,15.928773347398476
Edge14,Edge36,8.7207093057261
Edge14,Edge37,15.928773347398476
Edge14,Edge38,4.464622318508377
Edge14,Edge39,8.7207093057261
Edge14,Edge40,3.2327021832160416
Edge14,Edge41,15.928773347398476
Edge14,Edge42,15.928773347398476
Edge14,Edge43,8.7207093057261
Edge14,Edge44,8.7207093057261
Edge14,Edge45,15.928773347398476
Edge15,Edge1,10.592382894297991
Edge15,Edge2,8.587991839981068
Edge15,Edge3,4.607135303620439
Edge15,Edge4,10.592382894297991
Edge15,Edge5,10.592382894297991
Edge15,Edge6,10.592382894297991
Edge15,Edge7,10.592382894297991
Edge15,Edge8,10.592382894297991
Edge15,Edge9,8.587991839981068
Edge15,Edge10,4.370260836682499
Edge15,Edge11,8.587991839981068
Edge15,Edge12,4.184025864721898
Edge15,Edge13,1.1206369674039984
Edge15,Edge14,8.587991839981068
Edge15,Edge15,1e-05
Edge15,Edge16,4.370260836682499
Edge15,Edge17,1.1206369674039984
Edge15,Edge18,8.587991839981068
Edge15,Edge19,8.587991839981068
Edge15,Edge20,4.370260836682499
Edge15,Edge21,10.592382894297991
Edge15,Edge22,1.1206369674039984
Edge15,Edge23,1.1206369674039984
Edge15,Edge24,8.587991839981068
Edge15,Edge25,2.3724601524460365
Edge15,Edge26,8.587991839981068
Edge15,Edge27,4.184025864721898
Edge15,Edge28,10.592382894297991
Edge15,Edge29,4.184025864721898
Edge15,Edge30,4.103940698562557
Edge15,Edge31,8.587991839981068
Edge15,Edge32,4.184025864721898
Edge15,Edge33,4.184025864721898
Edge15,Edge34,4.370260836682499
Edge15,Edge35,10.592382894297991
Edge15,Edge36,3.6720474333900803
Edge15,Edge37,10.592382894297991
Edge15,Edge38,8.587991839981068
Edge15,Edge39,4.370260836682499
Edge15,Edge40,8.587991839981068
Edge15,Edge41,10.592382894297991
Edge15,Edge42,10.592382894297991
Edge15,Edge43,1.1831711547246888
Edge15,Edge44,4.370260836682499
Edge15,Edge45,10.592382894297991
Edge16,Edge1,10.592382894297991
Edge16,Edge2,8.587991839981068
Edge16,Edge3,4.617108302874278
Edge16,Edge4,10.592382894297991
Edge16,Edge5,10.592382894297991
Edge16,Edge6,10.592382894297991
Edge16,Edge7,10.592382894297991
Edge16,Edge8,10.592382894297991
Edge16,Edge9,8.587991839981068
Edge16,Edge10,4.685770023922904
Edge16,Edge11,8.587991839981068
Edge16,Edge12,2.3891256711154374
Edge16,Edge13,4.978978754187812
Edge16,Edge14,8.587991839981068
Edge16,Edge15,4.617108302874278
Edge16,Edge16,1e-05
Edge16,Edge17,4.978978754187812
Edge16,Edge18,8.587991839981068
Edge16,Edge19,8.587991839981068
Edge16,Edge20,3.0268676395593754
Edge16,Edge21,10.592382894297991
Edge16,Edge22,4.978978754187812
Edge16,Edge23,4.978978754187812
Edge16,Edge24,8.587991839981068
Edge16,Edge25,4.617108302874278
Edge16,Edge26,8.587991839981068
Edge16,Edge27,2.3891256711154374
Edge16,Edge28,10.592382894297991
Edge16,Edge29,2.3891256711154374
Edge16,Edge30,4.617108302874278
Edge16,Edge31,8.587991839981068
Edge16,Edge32,2.3891256711154374
Edge16,Edge33,2.3891256711154374
Edge16,Edge34,2.312078960310904
Edge16,Edge35,10.592382894297991
Edge16,Edge36,4.617108302874278
Edge16,Edge37,10.592382894297991
Edge16,Edge38,8.587991839981068
Edge16,Edge39,2.487334546966777
Edge16,Edge40,8.587991839981068
Edge16,Edge41,10.592382894297991
Edge16,Edge42,10.592382894297991
Edge16,Edge43,4.617108302874278
Edge16,Edge44,2.110209841569098
Edge16,Edge45,10.592382894297991
Edge17,Edge1,10.592382894297991
Edge17,Edge2,8.587991839981068
Edge17,Edge3,3.6302815396977883
Edge17,Edge4,10.592382894297991
Edge17,Edge5,10.592382894297991
Edge17,Edge6,10.592382894297991
Edge17,Edge7,10.592382894297991
Edge17,Edge8,10.592382894297991
Edge17,Edge9,8.587991839981068
Edge17,Edge10,1.6456558882770387
Edge17,Edge11,8.587991839981068
Edge17,Edge12,2.766684679035812
Edge17,Edge13,4.052573411751972
Edge17,Edge14,8.587991839981068
Edge17,Edge15,3.6302815396977883
Edge17,Edge16,1.6456558882770387
Edge17,Edge17,1e-05
Edge17,Edge18,8.587991839981068
Edge17,Edge19,8.587991839981068
Edge17,Edge20,1.6456558882770387
Edge17,Edge21,10.592382894297991
Edge17,Edge22,2.7472385503223826
Edge17,Edge23,2.6696452328760607
Edge17,Edge24,8.587991839981068
Edge17,Edge25,3.6302815396977883
Edge17,Edge26,8.587991839981068
Edge17,Edge27,2.766684679035812
Edge17,Edge28,10.592382894297991
Edge17,Edge29,2.766684679035812
Edge17,Edge30,3.6302815396977883
Edge17,Edge31,8.587991839981068
Edge17,Edge32,2.766684679035812
Edge17,Edge33,2.766684679035812
Edge17,Edge34,1.6456558882770387
Edge17,Edge35,10.592382894297991
Edge17,Edge36,3.6302815396977883
Edge17,Edge37,10.592382894297991
Edge17,Edge38,8.587991839981068
Edge17,Edge39,1.6456558882770387
Edge17,Edge40,8.587991839981068
Edge17,Edge41,10.592382894297991
Edge17,Edge42,10.592382894297991
Edge17,Edge43,3.6302815396977883
Edge17,Edge44,1.6456558882770387
Edge17,Edge45,10.592382894297991
Edge18,Edge1,15.928773347398476
Edge18,Edge2,3.993795007063324
Edge18,Edge3,8.7207093057261
Edge18,Edge4,15.928773347398476
Edge18,Edge5,15.928773347398476
Edge18,Edge6,15.928773347398476
Edge18,Edge7,15.928773347398476
Edge18,Edge8,15.928773347398476
Edge18,Edge9,3.1014777371100855
Edge18,Edge10,8.7207093057261
Edge18,Edge11,2.7735976558909807
Edge18,Edge12,8.7207093057261
Edge18,Edge13,8.7207093057261
Edge18,Edge14,3.1014777371100855
Edge18,Edge15,8.7207093057261
Edge18,Edge16,8.7207093057261
Edge18,Edge17,8.7207093057261
Edge18,Edge18,1e-05
Edge18,Edge19,3.993795007063324
Edge18,Edge20,8.7207093057261
Edge18,Edge21,15.928773347398476
Edge18,Edge22,8.7207093057261
Edge18,Edge23,8.7207093057261
Edge18,Edge24,3.993795007063324
Edge18,Edge25,8.7207093057261
Edge18,Edge26,3.1014777371100855
Edge18,Edge27,8.7207093057261
Edge18,Edge28,15.928773347398476
Edge18,Edge29,8.7207093057261
Edge18,Edge30,8.7207093057261
Edge18,Edge31,3.1014777371100855
Edge18,Edge32,8.7207093057261
Edge18,Edge33,8.7207093057261
Edge18,Edge34,8.7207093057261
Edge18,Edge35,15.928773347398476
Edge18,Edge36,8.7207093057261
Edge18,Edge37,15.928773347398476
Edge18,Edge38,3.1014777371100855
Edge18,Edge39,8.7207093057261
Edge18,Edge40,3.1014777371100855
Edge18,Edge41,15.928773347398476
Edge18,Edge42,15.928773347398476
Edge18,Edge43,8.7207093057261
Edge18,Edge44,8.7207093057261
Edge18,Edge45,15.928773347398476
Edge19,Edge1,15.928773347398476
Edge19,Edge2,3.7491008568447337
Edge19,Edge3,8.7207093057261
Edge19,Edge4,15.928773347398476
Edge19,Edge5,15.928773347398476
Edge19,Edge6,15.928773347398476
Edge19,Edge7,15.928773347398476
Edge19,Edge8,15.928773347398476
Edge19,Edge9,1.1150932951817545
Edge19,Edge10,8.7207093057261
Edge19,Edge11,3.958707570795379
Edge19,Edge12,8.7207093057261
Edge19,Edge13,8.7207093057261
Edge19,Edge14,1.1150932951817545
Edge19,Edge15,8.7207093057261
Edge19,Edge16,8.7207093057261
Edge19,Edge17,8.7207093057261
Edge19,Edge18,3.958707570795379
Edge19,Edge19,1e-05
Edge19,Edge20,8.7207093057261
Edge19,Edge21,15.928773347398476
Edge19,Edge22,8.7207093057261
Edge19,Edge23,8.7207093057261
Edge19,Edge24,3.3417012824836734
Edge19,Edge25,8.7207093057261
Edge19,Edge26,1.1150932951817545
Edge19,Edge27,8.7207093057261
Edge19,Edge28,15.928773347398476
Edge19,Edge29,8.7207093057261
Edge19,Edge30,8.7207093057261
Edge19,Edge31,1.1150932951817545
Edge19,Edge32,8.7207093057261
Edge19,Edge33,8.7207093057261
Edge19,Edge34,8.7207093057261
Edge19,Edge35,15.928773347398476
Edge19,Edge36,8.7207093057261
Edge19,Edge37,15.928773347398476
Edge19,Edge38,1.1150932951817545
Edge19,Edge39,8.7207093057261
Edge19,Edge40,1.1150932951817545
Edge19,Edge41,15.928773347398476
Edge19,Edge42,15.928773347398476
Edge19,Edge43,8.7207093057261
Edge19,Edge44,8.7207093057261
Edge19,Edge45,15.928773347398476
Edge20,Edge1,10.592382894297991
Edge20,Edge2,8.587991839981068
Edge20,Edge3,4.617108302874278
Edge20,Edge4,10.592382894297991
Edge20,Edge5,10.592382894297991
Edge20,Edge6,10.592382894297991
Edge20,Edge7,10.592382894297991
Edge20,Edge8,10.592382894297991
Edge20,Edge9,8.587991839981068
Edge20,Edge10,1.9395958537202893
Edge20,Edge11,8.587991839981068
Edge20,Edge12,2.3891256711154374
Edge20,Edge13,4.978978754187812
Edge20,Edge14,8.587991839981068
Edge20,Edge15,4.617108302874278
Edge20,Edge16,3.315996645561141
Edge20,Edge17,4.978978754187812
Edge20,Edge18,8.587991839981068
Edge20,Edge19,8.587991839981068
Edge20,Edge20,1e-05
Edge20,Edge21,10.592382894297991
Edge20,Edge22,4.978978754187812
Edge20,Edge23,4.978978754187812
Edge20,Edge24,8.587991839981068
Edge20,Edge25,4.617108302874278
Edge20,Edge26,8.587991839981068
Edge20,Edge27,2.3891256711154374
Edge20,Edge28,10.592382894297991
Edge20,Edge29,2.3891256711154374
Edge20,Edge30,4.617108302874278
Edge20,Edge31,8.587991839981068
Edge20,Edge32,2.3891256711154374
Edge20,Edge33,2.3891256711154374
Edge20,Edge34,4.870458386559154
Edge20,Edge35,10.592382894297991
Edge20,Edge36,4.617108302874278
Edge20,Edge37,10.592382894297991
Edge20,Edge38,8.587991839981068
Edge20,Edge39,2.4469273248670467
Edge20,Edge40,8.587991839981068
Edge20,Edge41,10.592382894297991
Edge20,Edge42,10.592382894297991
Edge20,Edge43,4.617108302874278
Edge20,Edge44,4.422150675462909
Edge20,Edge45,10.592382894297991
Edge21,Edge1,4.3483296036606855
Edge21,Edge2,7.4589293858181485
Edge21,Edge3,15.342107306067106
Edge21,Edge4,2.832180757148675
Edge21,Edge5,4.899731852527507
Edge21,Edge6,3.2667418989710884
Edge21,Edge7,2.0013667128993915
Edge21,Edge8,3.2667418989710884
Edge21,Edge9,7.4589293858181485
Edge21,Edge10,15.342107306067106
Edge21,Edge11,7.4589293858181485
Edge21,Edge12,15.342107306067106
Edge21,Edge13,15.342107306067106
Edge21,Edge14,7.4589293858181485
Edge21,Edge15,15.342107306067106
Edge21,Edge16,15.342107306067106
Edge21,Edge17,15.342107306067106
Edge21,Edge18,7.4589293858181485
Edge21,Edge19,7.4589293858181485
Edge21,Edge20,15.342107306067106
Edge21,Edge21,1e-05
Edge21,Edge22,15.342107306067106
Edge21,Edge23,15.342107306067106
Edge21,Edge24,7.4589293858181485
Edge21,Edge25,15.342107306067106
Edge21,Edge26,7.4589293858181485
Edge21,Edge27,15.342107306067106
Edge21,Edge28,3.2667418989710884
Edge21,Edge29,15.342107306067106
Edge21,Edge30,15.342107306067106
Edge21,Edge31,7.4589293858181485
Edge21,Edge32,15.342107306067106
Edge21,Edge33,15.342107306067106
Edge21,Edge34,15.342107306067106
Edge21,Edge35,3.2667418989710884
Edge21,Edge36,15.342107306067106
Edge21,Edge37,1.917062728415769
Edge21,Edge38,7.4589293858181485
Edge21,Edge39,15.342107306067106
Edge21,Edge40,7.4589293858181485
Edge21,Edge41,3.2667418989710884
Edge21,Edge42,3.2667418989710884
Edge21,Edge43,15.342107306067106
Edge21,Edge44,15.342107306067106
Edge21,Edge45,3.2667418989710884
Edge22,Edge1,10.592382894297991
Edge22,Edge2,8.587991839981068
Edge22,Edge3,3.6302815396977883
Edge22,Edge4,10.592382894297991
Edge22,Edge5,10.592382894297991
Edge22,Edge6,10.592382894297991
Edge22,Edge7,10.592382894297991
Edge22,Edge8,10.592382894297991
Edge22,Edge9,8.587991839981068
Edge22,Edge10,1.6456558882770387
Edge22,Edge11,8.587991839981068
Edge22,Edge12,2.766684679035812
Edge22,Edge13,2.625810286860398
Edge22,Edge14,8.587991839981068
Edge22,Edge15,3.6302815396977883
Edge22,Edge16,1.6456558882770387
Edge22,Edge17,1.4664309303869083
Edge22,Edge18,8.587991839981068
Edge22,Edge19,8.587991839981068
Edge22,Edge20,1.6456558882770387
Edge22,Edge21,10.592382894297991
Edge22,Edge22,1e-05
Edge22,Edge23,1.304606014779964
Edge22,Edge24,8.587991839981068
Edge22,Edge25,3.6302815396977883
Edge22,Edge26,8.587991839981068
Edge22,Edge27,2.766684679035812
Edge22,Edge28,10.592382894297991
Edge22,Edge29,2.766684679035812
Edge22,Edge30,3.6302815396977883
Edge22,Edge31,8.587991839981068
Edge22,Edge32,2.766684679035812
Edge22,Edge33,2.766684679035812
Edge22,Edge34,1.6456558882770387
Edge22,Edge35,10.592382894297991
Edge22,Edge36,3.6302815396977883
Edge22,Edge37,10.592382894297991
Edge22,Edge38,8.587991839981068
Edge22,Edge39,1.6456558882770387
Edge22,Edge40,8.587991839981068
Edge22,Edge41,10.592382894297991
Edge22,Edge42,10.592382894297991
Edge22,Edge43,3.6302815396977883
Edge22,Edge44,1.6456558882770387
Edge22,Edge45,10.592382894297991
Edge23,Edge1,10.592382894297991
Edge23,Edge2,8.587991839981068
Edge23,Edge3,3.6302815396977883
Edge23,Edge4,10.592382894297991
Edge23,Edge5,10.592382894297991
Edge23,Edge6,10.592382894297991
Edge23,Edge7,10.592382894297991
Edge23,Edge8,10.592382894297991
Edge23,Edge9,8.587991839981068
Edge23,Edge10,1.6456558882770387
Edge23,Edge11,8.587991839981068
Edge23,Edge12,2.766684679035812
Edge23,Edge13,2.4022019464122133
Edge23,Edge14,8.587991839981068
Edge23,Edge15,3.6302815396977883
Edge23,Edge16,1.6456558882770387
Edge23,Edge17,2.9450832279313217
Edge23,Edge18,8.587991839981068
Edge23,Edge19,8.587991839981068
Edge23,Edge20,1.6456558882770387
Edge23,Edge21,10.592382894297991
Edge23,Edge22,3.377146849191779
Edge23,Edge23,1e-05
Edge23,Edge24,8.587991839981068
Edge23,Edge25,3.6302815396977883
Edge23,Edge26,8.587991839981068
Edge23,Edge27,2.766684679035812
Edge23,Edge28,10.592382894297991
Edge23,Edge29,2.766684679035812
Edge23,Edge30,3.6302815396977883
Edge23,Edge31,8.587991839981068
Edge23,Edge32,2.766684679035812
Edge23,Edge33,2.766684679035812
Edge23,Edge34,1.6456558882770387
Edge23,Edge35,10.592382894297991
Edge23,Edge36,3.6302815396977883
Edge23,Edge37,10.592382894297991
Edge23,Edge38,8.587991839981068
Edge23,Edge39,1.6456558882770387
Edge23,Edge40,8.587991839981068
Edge23,Edge41,10.592382894297991
Edge23,Edge42,10.592382894297991
Edge23,Edge43,3.6302815396977883
Edge23,Edge44,1.6456558882770387
Edge23,Edge45,10.592382894297991
Edge24,Edge1,15.928773347398476
Edge24,Edge2,4.5084900637636185
Edge24,Edge3,8.7207093057261
Edge24,Edge4,15.928773347398476
Edge24,Edge5,15.928773347398476
Edge24,Edge6,15.928773347398476
Edge24,Edge7,15.928773347398476
Edge24,Edge8,15.928773347398476
Edge24,Edge9,1.1150932951817545
Edge24,Edge10,8.7207093057261
Edge24,Edge11,3.958707570795379
Edge24,Edge12,8.7207093057261
Edge24,Edge13,8.7207093057261
Edge24,Edge14,1.1150932951817545
Edge24,Edge15,8.7207093057261
Edge24,Edge16,8.7207093057261
Edge24,Edge17,8.7207093057261
Edge24,Edge18,3.958707570795379
Edge24,Edge19,3.263916020329487
Edge24,Edge20,8.7207093057261
Edge24,Edge21,15.928773347398476
Edge24,Edge22,8.7207093057261
Edge24,Edge23,8.7207093057261
Edge24,Edge24,1e-05
Edge24,Edge25,8.7207093057261
Edge24,Edge26,1.1150932951817545
Edge24,Edge27,8.7207093057261
Edge24,Edge28,15.928773347398476
Edge24,Edge29,8.7207093057261
Edge24,Edge30,8.7207093057261
Edge24,Edge31,1.1150932951817545
Edge24,Edge32,8.7207093057261
Edge24,Edge33,8.7207093057261
Edge24,Edge34,8.7207093057261
Edge24,Edge35,15.928773347398476
Edge24,Edge36,8.7207093057261
Edge24,Edge37,15.928773347398476
Edge24,Edge38,1.1150932951817545
Edge24,Edge39,8.7207093057261
Edge24,Edge40,1.1150932951817545
Edge24,Edge41,15.928773347398476
Edge24,Edge42,15.928773347398476
Edge24,Edge43,8.7207093057261
Edge24,Edge44,8.7207093057261
Edge24,Edge45,15.928773347398476
Edge25,Edge1,10.592382894297991
Edge25,Edge2,8.587991839981068
Edge25,Edge3,3.118583926467151
Edge25,Edge4,10.592382894297991
Edge25,Edge5,10.592382894297991
Edge25,Edge6,10.592382894297991
Edge25,Edge7,10.592382894297991
Edge25,Edge8,10.592382894297991
Edge25,Edge9,8.587991839981068
Edge25,Edge10,4.370260836682499
Edge25,Edge11,8.587991839981068
Edge25,Edge12,4.184025864721898
Edge25,Edge13,1.1206369674039984
Edge25,Edge14,8.587991839981068
Edge25,Edge15,1.009823651247232
Edge25,Edge16,4.370260836682499
Edge25,Edge17,1.1206369674039984
Edge25,Edge18,8.587991839981068
Edge25,Edge19,8.587991839981068
Edge25,Edge20,4.370260836682499
Edge25,Edge21,10.592382894297991
Edge25,Edge22,1.1206369674039984
Edge25,Edge23,1.1206369674039984
Edge25,Edge24,8.587991839981068
Edge25,Edge25,1e-05
Edge25,Edge26,8.587991839981068
Edge25,Edge27,4.184025864721898
Edge25,Edge28,10.592382894297991
Edge25,Edge29,4.184025864721898
Edge25,Edge30,1.0190538241377065
Edge25,Edge31,8.587991839981068
Edge25,Edge32,4.184025864721898
Edge25,Edge33,4.184025864721898
Edge25,Edge34,4.370260836682499
Edge25,Edge35,10.592382894297991
Edge25,Edge36,3.0244132380195166
Edge25,Edge37,10.592382894297991
Edge25,Edge38,8.587991839981068
Edge25,Edge39,4.370260836682499
Edge25,Edge40,8.587991839981068
Edge25,Edge41,10.592382894297991
Edge25,Edge42,10.592382894297991
Edge25,Edge43,2.053282432802812
Edge25,Edge44,4.370260836682499
Edge25,Edge45,10.592382894297991
Edge26,Edge1,15.928773347398476
Edge26,Edge2,1.8836543374623202
Edge26,Edge3,8.7207093057261
Edge26,Edge4,15.928773347398476
Edge26,Edge5,15.928773347398476
Edge26,Edge6,15.928773347398476
Edge26,Edge7,15.928773347398476
Edge26,Edge8,15.928773347398476
Edge26,Edge9,4.988877973272096
Edge26,Edge10,8.7207093057261
Edge26,Edge11,1.5831981505313322
Edge26,Edge12,8.7207093057261
Edge26,Edge13,8.7207093057261
Edge26,Edge14,4.3054780401086745
Edge26,Edge15,8.7207093057261
Edge26,Edge16,8.7207093057261
Edge26,Edge17,8.7207093057261
Edge26,Edge18,1.5831981505313322
Edge26,Edge19,1.8836543374623202
Edge26,Edge20,8.7207093057261
Edge26,Edge21,15.928773347398476
Edge26,Edge22,8.7207093057261
Edge26,Edge23,8.7207093057261
Edge26,Edge24,1.8836543374623202
Edge26,Edge25,8.7207093057261
Edge26,Edge26,1e-05
Edge26,Edge27,8.7207093057261
Edge26,Edge28,15.928773347398476
Edge26,Edge29,8.7207093057261
Edge26,Edge30,8.7207093057261
Edge26,Edge31,1.5709928123092993
Edge26,Edge32,8.7207093057261
Edge26,Edge33,8.7207093057261
Edge26,Edge34,8.7207093057261
Edge26,Edge35,15.928773347398476
Edge26,Edge36,8.7207093057261
Edge26,Edge37,15.928773347398476
Edge26,Edge38,1.171356849104821
Edge26,Edge39,8.7207093057261
Edge26,Edge40,4.310979851772714
Edge26,Edge41,15.928773347398476
Edge26,Edge42,15.928773347398476
Edge26,Edge43,8.7207093057261
Edge26,Edge44,8.7207093057261
Edge26,Edge45,15.928773347398476
Edge27,Edge1,10.592382894297991
Edge27,Edge2,8.587991839981068
Edge27,Edge3,4.422976280659036
Edge27,Edge4,10.592382894297991
Edge27,Edge5,10.592382894297991
Edge27,Edge6,10.592382894297991
Edge27,Edge7,10.592382894297991
Edge27,Edge8,10.592382894297991
Edge27,Edge9,8.587991839981068
Edge27,Edge10,2.710906979482516
Edge27,Edge11,8.587991839981068
Edge27,Edge12,4.880077541857003
Edge27,Edge13,4.7366763424656035
Edge27,Edge14,8.587991839981068
Edge27,Edge15,4.422976280659036
Edge27,Edge16,2.710906979482516
Edge27,Edge17,4.7366763424656035
Edge27,Edge18,8.587991839981068
Edge27,Edge19,8.587991839981068
Edge27,Edge20,2.710906979482516
Edge27,Edge21,10.592382894297991
Edge27,Edge22,4.7366763424656035
Edge27,Edge23,4.7366763424656035
Edge27,Edge24,8.587991839981068
Edge27,Edge25,4.422976280659036
Edge27,Edge26,8.587991839981068
Edge27,Edge27,1e-05
Edge27,Edge28,10.592382894297991
Edge27,Edge29,3.9568951032509454
Edge27,Edge30,4.422976280659036
Edge27,Edge31,8.587991839981068
Edge27,Edge32,1.2692290780931348
Edge27,Edge33,4.596744494027206
Edge27,Edge34,2.710906979482516
Edge27,Edge35,10.592382894297991
Edge27,Edge36,4.422976280659036
Edge27,Edge37,10.592382894297991
Edge27,Edge38,8.587991839981068
Edge27,Edge39,2.710906979482516
Edge27,Edge40,8.587991839981068
Edge27,Edge41,10.592382894297991
Edge27,Edge42,10.592382894297991
Edge27,Edge43,4.422976280659036
Edge27,Edge44,2.710906979482516
Edge27,Edge45,10.592382894297991
Edge28,Edge1,4.544890634365354
Edge28,Edge2,7.4589293858181485
Edge28,Edge3,15.342107306067106
Edge28,Edge4,4.544890634365354
Edge28,Edge5,4.544890634365354
Edge28,Edge6,3.749374044468354
Edge28,Edge7,4.544890634365354
Edge28,Edge8,4.552677091832644
Edge28,Edge9,7.4589293858181485
Edge28,Edge10,15.342107306067106
Edge28,Edge11,7.4589293858181485
Edge28,Edge12,15.342107306067106
Edge28,Edge13,15.342107306067106
Edge28,Edge14,7.4589293858181485
Edge28,Edge15,15.342107306067106
Edge28,Edge16,15.342107306067106
Edge28,Edge17,15.342107306067106
Edge28,Edge18,7.4589293858181485
Edge28,Edge19,7.4589293858181485
Edge28,Edge20,15.342107306067106
Edge28,Edge21,4.544890634365354
Edge28,Edge22,15.342107306067106
Edge28,Edge23,15.342107306067106
Edge28,Edge24,7.4589293858181485
Edge28,Edge25,15.342107306067106
Edge28,Edge26,7.4589293858181485
Edge28,Edge27,15.342107306067106
Edge28,Edge28,1e-05
Edge28,Edge29,15.342107306067106
Edge28,Edge30,15.342107306067106
Edge28,Edge31,7.4589293858181485
Edge28,Edge32,15.342107306067106
Edge28,Edge33,15.342107306067106
Edge28,Edge34,15.342107306067106
Edge28,Edge35,3.617303928152106
Edge28,Edge36,15.342107306067106
Edge28,Edge37,4.544890634365354
Edge28,Edge38,7.4589293858181485
Edge28,Edge39,15.342107306067106
Edge28,Edge40,7.4589293858181485
Edge28,Edge41,3.7417706845247523
Edge28,Edge42,4.5825793515116064
Edge28,Edge43,15.342107306067106
Edge28,Edge44,15.342107306067106
Edge28,Edge45,2.6609924154566076
Edge29,Edge1,10.592382894297991
Edge29,Edge2,8.587991839981068
Edge29,Edge3,4.422976280659036
Edge29,Edge4,10.592382894297991
Edge29,Edge5,10.592382894297991
Edge29,Edge6,10.592382894297991
Edge29,Edge7,10.592382894297991
Edge29,Edge8,10.592382894297991
Edge29,Edge9,8.587991839981068
Edge29,Edge10,2.710906979482516
Edge29,Edge11,8.587991839981068
Edge29,Edge12,1.7020747633681106
Edge29,Edge13,4.7366763424656035
Edge29,Edge14,8.587991839981068
Edge29,Edge15,4.422976280659036
Edge29,Edge16,2.710906979482516
Edge29,Edge17,4.7366763424656035
Edge29,Edge18,8.587991839981068
Edge29,Edge19,8.587991839981068
Edge29,Edge20,2.710906979482516
Edge29,Edge21,10.592382894297991
Edge29,Edge22,4.7366763424656035
Edge29,Edge23,4.7366763424656035
Edge29,Edge24,8.587991839981068
Edge29,Edge25,4.422976280659036
Edge29,Edge26,8.587991839981068
Edge29,Edge27,1.6843840229997555
Edge29,Edge28,10.592382894297991
Edge29,Edge29,1e-05
Edge29,Edge30,4.422976280659036
Edge29,Edge31,8.587991839981068
Edge29,Edge32,2.491653022428632
Edge29,Edge33,4.215854187255701
Edge29,Edge34,2.710906979482516
Edge29,Edge35,10.592382894297991
Edge29,Edge36,4.422976280659036
Edge29,Edge37,10.592382894297991
Edge29,Edge38,8.587991839981068
Edge29,Edge39,2.710906979482516
Edge29,Edge40,8.587991839981068
Edge29,Edge41,10.592382894297991
Edge29,Edge42,10.592382894297991
Edge29,Edge43,4.422976280659036
Edge29,Edge44,2.710906979482516
Edge29,Edge45,10.592382894297991
Edge30,Edge1,10.592382894297991
Edge30,Edge2,8.587991839981068
Edge30,Edge3,4.3549023255518495
Edge30,Edge4,10.592382894297991
Edge30,Edge5,10.592382894297991
Edge30,Edge6,10.592382894297991
Edge30,Edge7,10.592382894297991
Edge30,Edge8,10.592382894297991
Edge30,Edge9,8.587991839981068
Edge30,Edge10,4.370260836682499
Edge30,Edge11,8.587991839981068
Edge30,Edge12,4.184025864721898
Edge30,Edge13,1.1206369674039984
Edge30,Edge14,8.587991839981068
Edge30,Edge15,2.679447936916558
Edge30,Edge16,4.370260836682499
Edge30,Edge17,1.1206369674039984
Edge30,Edge18,8.587991839981068
Edge30,Edge19,8.587991839981068
Edge30,Edge20,4.370260836682499
Edge30,Edge21,10.592382894297991
Edge30,Edge22,1.1206369674039984
Edge30,Edge23,1.1206369674039984
Edge30,Edge24,8.587991839981068
Edge30,Edge25,1.8431140707562803
Edge30,Edge26,8.587991839981068
Edge30,Edge27,4.184025864721898
Edge30,Edge28,10.592382894297991
Edge30,Edge29,4.184025864721898
Edge30,Edge30,1e-05
Edge30,Edge31,8.587991839981068
Edge30,Edge32,4.184025864721898
Edge30,Edge33,4.184025864721898
Edge30,Edge34,4.370260836682499
Edge30,Edge35,10.592382894297991
Edge30,Edge36,1.49049154431893
Edge30,Edge37,10.592382894297991
Edge30,Edge38,8.587991839981068
Edge30,Edge39,4.370260836682499
Edge30,Edge40,8.587991839981068
Edge30,Edge41,10.592382894297991
Edge30,Edge42,10.592382894297991
Edge30,Edge43,2.1756116976330495
Edge30,Edge44,4.370260836682499
Edge30,Edge45,10.592382894297991
Edge31,Edge1,15.928773347398476
Edge31,Edge2,1.8836543374623202
Edge31,Edge3,8.7207093057261
Edge31,Edge4,15.928773347398476
Edge31,Edge5,15.928773347398476
Edge31,Edge6,15.928773347398476
Edge31,Edge7,15.928773347398476
Edge31,Edge8,15.928773347398476
Edge31,Edge9,4.422347290232025
Edge31,Edge10,8.7207093057261
Edge31,Edge11,1.5831981505313322
Edge31,Edge12,8.7207093057261
Edge31,Edge13,8.7207093057261
Edge31,Edge14,1.2310050725439496
Edge31,Edge15,8.7207093057261
Edge31,Edge16,8.7207093057261
Edge31,Edge17,8.7207093057261
Edge31,Edge18,1.5831981505313322
Edge31,Edge19,1.8836543374623202
Edge31,Edge20,8.7207093057261
Edge31,Edge21,15.928773347398476
Edge31,Edge22,8.7207093057261
Edge31,Edge23,8.7207093057261
Edge31,Edge24,1.8836543374623202
Edge31,Edge25,8.7207093057261
Edge31,Edge26,3.5136239380186107
Edge31,Edge27,8.7207093057261
Edge31,Edge28,15.928773347398476
Edge31,Edge29,8.7207093057261
Edge31,Edge30,8.7207093057261
Edge31,Edge31,1e-05
Edge31,Edge32,8.7207093057261
Edge31,Edge33,8.7207093057261
Edge31,Edge34,8.7207093057261
Edge31,Edge35,15.928773347398476
Edge31,Edge36,8.7207093057261
Edge31,Edge37,15.928773347398476
Edge31,Edge38,4.825283904532649
Edge31,Edge39,8.7207093057261
Edge31,Edge40,3.1537134482588667
Edge31,Edge41,15.928773347398476
Edge31,Edge42,15.928773347398476
Edge31,Edge43,8.7207093057261
Edge31,Edge44,8.7207093057261
Edge31,Edge45,15.928773347398476
Edge32,Edge1,10.592382894297991
Edge32,Edge2,8.587991839981068
Edge32,Edge3,4.422976280659036
Edge32,Edge4,10.592382894297991
Edge32,Edge5,10.592382894297991
Edge32,Edge6,10.592382894297991
Edge32,Edge7,10.592382894297991
Edge32,Edge8,10.592382894297991
Edge32,Edge9,8.587991839981068
Edge32,Edge10,2.710906979482516
Edge32,Edge11,8.587991839981068
Edge32,Edge12,3.8645905407245724
Edge32,Edge13,4.7366763424656035
Edge32,Edge14,8.587991839981068
Edge32,Edge15,4.422976280659036
Edge32,Edge16,2.710906979482516
Edge32,Edge17,4.7366763424656035
Edge32,Edge18,8.587991839981068
Edge32,Edge19,8.587991839981068
Edge32,Edge20,2.710906979482516
Edge32,Edge21,10.592382894297991
Edge32,Edge22,4.7366763424656035
Edge32,Edge23,4.7366763424656035
Edge32,Edge24,8.587991839981068
Edge32,Edge25,4.422976280659036
Edge32,Edge26,8.587991839981068
Edge32,Edge27,1.1440355141901342
Edge32,Edge28,10.592382894297991
Edge32,Edge29,2.8291618380444348
Edge32,Edge30,4.422976280659036
Edge32,Edge31,8.587991839981068
Edge32,Edge32,1e-05
Edge32,Edge33,3.7997002975841747
Edge32,Edge34,2.710906979482516
Edge32,Edge35,10.592382894297991
Edge32,Edge36,4.422976280659036
Edge32,Edge37,10.592382894297991
Edge32,Edge38,8.587991839981068
Edge32,Edge39,2.710906979482516
Edge32,Edge40,8.587991839981068
Edge32,Edge41,10.592382894297991
Edge32,Edge42,10.592382894297991
Edge32,Edge43,4.422976280659036
Edge32,Edge44,2.710906979482516
Edge32,Edge45,10.592382894297991
Edge33,Edge1,10.592382894297991
Edge33,Edge2,8.587991839981068
Edge33,Edge3,4.422976280659036
Edge33,Edge4,10.592382894297991
Edge33,Edge5,10.592382894297991
Edge33,Edge6,10.592382894297991
Edge33,Edge7,10.592382894297991
Edge33,Edge8,10.592382894297991
Edge33,Edge9,8.587991839981068
Edge33,Edge10,2.710906979482516
Edge33,Edge11,8.587991839981068
Edge33,Edge12,1.5691708031536802
Edge33,Edge13,4.7366763424656035
Edge33,Edge14,8.587991839981068
Edge33,Edge15,4.422976280659036
Edge33,Edge16,2.710906979482516
Edge33,Edge17,4.7366763424656035
Edge33,Edge18,8.587991839981068
Edge33,Edge19,8.587991839981068
Edge33,Edge20,2.710906979482516
Edge33,Edge21,10.592382894297991
Edge33,Edge22,4.7366763424656035
Edge33,Edge23,4.7366763424656035
Edge33,Edge24,8.587991839981068
Edge33,Edge25,4.422976280659036
Edge33,Edge26,8.587991839981068
Edge33,Edge27,2.1193260539303487
Edge33,Edge28,10.592382894297991
Edge33,Edge29,2.9716625512599983
Edge33,Edge30,4.422976280659036
Edge33,Edge31,8.587991839981068
Edge33,Edge32,4.331193172662889
Edge33,Edge33,1e-05
Edge33,Edge34,2.710906979482516
Edge33,Edge35,10.592382894297991
Edge33,Edge36,4.422976280659036
Edge33,Edge37,10.592382894297991
Edge33,Edge38,8.587991839981068
Edge33,Edge39,2.710906979482516
Edge33,Edge40,8.587991839981068
Edge33,Edge41,10.592382894297991
Edge33,Edge42,10.592382894297991
Edge33,Edge43,4.422976280659036
Edge33,Edge44,2.710906979482516
Edge33,Edge45,10.592382894297991
Edge34,Edge1,10.592382894297991
Edge34,Edge2,8.587991839981068
Edge34,Edge3,4.617108302874278
Edge34,Edge4,10.592382894297991
Edge34,Edge5,10.592382894297991
Edge34,Edge6,10.592382894297991
Edge34,Edge7,10.592382894297991
Edge34,Edge8,10.592382894297991
Edge34,Edge9,8.587991839981068
Edge34,Edge10,3.3266920799493302
Edge34,Edge11,8.587991839981068
Edge34,Edge12,2.3891256711154374
Edge34,Edge13,4.978978754187812
Edge34,Edge14,8.587991839981068
Edge34,Edge15,4.617108302874278
Edge34,Edge16,3.4801445500815724
Edge34,Edge17,4.978978754187812
Edge34,Edge18,8.587991839981068
Edge34,Edge19,8.587991839981068
Edge34,Edge20,3.109182090037978
Edge34,Edge21,10.592382894297991
Edge34,Edge22,4.978978754187812
Edge34,Edge23,4.978978754187812
Edge34,Edge24,8.587991839981068
Edge34,Edge25,4.617108302874278
Edge34,Edge26,8.587991839981068
Edge34,Edge27,2.3891256711154374
Edge34,Edge28,10.592382894297991
Edge34,Edge29,2.3891256711154374
Edge34,Edge30,4.617108302874278
Edge34,Edge31,8.587991839981068
Edge34,Edge32,2.3891256711154374
Edge34,Edge33,2.3891256711154374
Edge34,Edge34,1e-05
Edge34,Edge35,10.592382894297991
Edge34,Edge36,4.617108302874278
Edge34,Edge37,10.592382894297991
Edge34,Edge38,8.587991839981068
Edge34,Edge39,2.070295997399086
Edge34,Edge40,8.587991839981068
Edge34,Edge41,10.592382894297991
Edge34,Edge42,10.592382894297991
Edge34,Edge43,4.617108302874278
Edge34,Edge44,4.831453941799665
Edge34,Edge45,10.592382894297991
Edge35,Edge1,4.544890634365354
Edge35,Edge2,7.4589293858181485
Edge35,Edge3,15.342107306067106
Edge35,Edge4,4.544890634365354
Edge35,Edge5,4.544890634365354
Edge35,Edge6,4.00394390596091
Edge35,Edge7,4.544890634365354
Edge35,Edge8,1.212445915083253
Edge35,Edge9,7.4589293858181485
Edge35,Edge10,15.342107306067106
Edge35,Edge11,7.4589293858181485
Edge35,Edge12,15.342107306067106
Edge35,Edge13,15.342107306067106
Edge35,Edge14,7.4589293858181485
Edge35,Edge15,15.342107306067106
Edge35,Edge16,15.342107306067106
Edge35,Edge17,15.342107306067106
Edge35,Edge18,7.4589293858181485
Edge35,Edge19,7.4589293858181485
Edge35,Edge20,15.342107306067106
Edge35,Edge21,4.544890634365354
Edge35,Edge22,15.342107306067106
Edge35,Edge23,15.342107306067106
Edge35,Edge24,7.4589293858181485
Edge35,Edge25,15.342107306067106
Edge35,Edge26,7.4589293858181485
Edge35,Edge27,15.342107306067106
Edge35,Edge28,4.969678471081928
Edge35,Edge29,15.342107306067106
Edge35,Edge30,15.342107306067106
Edge35,Edge31,7.4589293858181485
Edge35,Edge32,15.342107306067106
Edge35,Edge33,15.342107306067106
Edge35,Edge34,15.342107306067106
Edge35,Edge35,1e-05
Edge35,Edge36,15.342107306067106
Edge35,Edge37,4.544890634365354
Edge35,Edge38,7.4589293858181485
Edge35,Edge39,15.342107306067106
Edge35,Edge40,7.4589293858181485
Edge35,Edge41,4.106804901943727
Edge35,Edge42,1.3397860251671432
Edge35,Edge43,15.342107306067106
Edge35,Edge44,15.342107306067106
Edge35,Edge45,4.058064688692825
Edge36,Edge1,10.592382894297991
Edge36,Edge2,8.587991839981068
Edge36,Edge3,4.905245972502344
Edge36,Edge4,10.592382894297991
Edge36,Edge5,10.592382894297991
Edge36,Edge6,10.592382894297991
Edge36,Edge7,10.592382894297991
Edge36,Edge8,10.592382894297991
Edge36,Edge9,8.587991839981068
Edge36,Edge10,4.370260836682499
Edge36,Edge11,8.587991839981068
Edge36,Edge12,4.184025864721898
Edge36,Edge13,1.1206369674039984
Edge36,Edge14,8.587991839981068
Edge36,Edge15,2.5239423855516785
Edge36,Edge16,4.370260836682499
Edge36,Edge17,1.1206369674039984
Edge36,Edge18,8.587991839981068
Edge36,Edge19,8.587991839981068
Edge36,Edge20,4.370260836682499
Edge36,Edge21,10.592382894297991
Edge36,Edge22,1.1206369674039984
Edge36,Edge23,1.1206369674039984
Edge36,Edge24,8.587991839981068
Edge36,Edge25,3.438017441103065
Edge36,Edge26,8.587991839981068
Edge36,Edge27,4.184025864721898
Edge36,Edge28,10.592382894297991
Edge36,Edge29,4.184025864721898
Edge36,Edge30,1.4757539858528559
Edge36,Edge31,8.587991839981068
Edge36,Edge32,4.184025864721898
Edge36,Edge33,4.184025864721898
Edge36,Edge34,4.370260836682499
Edge36,Edge35,10.592382894297991
Edge36,Edge36,1e-05
Edge36,Edge37,10.592382894297991
Edge36,Edge38,8.587991839981068
Edge36,Edge39,4.370260836682499
Edge36,Edge40,8.587991839981068
Edge36,Edge41,10.592382894297991
Edge36,Edge42,10.592382894297991
Edge36,Edge43,2.177749907707294
Edge36,Edge44,4.370260836682499
Edge36,Edge45,10.592382894297991
Edge37,Edge1,1.8080750575016897
Edge37,Edge2,7.4589293858181485
Edge37,Edge3,15.342107306067106
Edge37,Edge4,1.7347747262696829
Edge37,Edge5,2.1428102107004525
Edge37,Edge6,3.2667418989710884
Edge37,Edge7,1.9681907115533348
Edge37,Edge8,3.2667418989710884
Edge37,Edge9,7.4589293858181485
Edge37,Edge10,15.342107306067106
Edge37,Edge11,7.4589293858181485
Edge37,Edge12,15.342107306067106
Edge37,Edge13,15.342107306067106
Edge37,Edge14,7.4589293858181485
Edge37,Edge15,15.342107306067106
Edge37,Edge16,15.342107306067106
Edge37,Edge17,15.342107306067106
Edge37,Edge18,7.4589293858181485
Edge37,Edge19,7.4589293858181485
Edge37,Edge20,15.342107306067106
Edge37,Edge21,3.365417470071482
Edge37,Edge22,15.342107306067106
Edge37,Edge23,15.342107306067106
Edge37,Edge24,7.4589293858181485
Edge37,Edge25,15.342107306067106
Edge37,Edge26,7.4589293858181485
Edge37,Edge27,15.342107306067106
Edge37,Edge28,3.2667418989710884
Edge37,Edge29,15.342107306067106
Edge37,Edge30,15.342107306067106
Edge37,Edge31,7.4589293858181485
Edge37,Edge32,15.342107306067106
Edge37,Edge33,15.342107306067106
Edge37,Edge34,15.342107306067106
Edge37,Edge35,3.2667418989710884
Edge37,Edge36,15.342107306067106
Edge37,Edge37,1e-05
Edge37,Edge38,7.4589293858181485
Edge37,Edge39,15.342107306067106
Edge37,Edge40,7.4589293858181485
Edge37,Edge41,3.2667418989710884
Edge37,Edge42,3.2667418989710884
Edge37,Edge43,15.342107306067106
Edge37,Edge44,15.342107306067106
Edge37,Edge45,3.2667418989710884
Edge38,Edge1,15.928773347398476
Edge38,Edge2,1.8836543374623202
Edge38,Edge3,8.7207093057261
Edge38,Edge4,15.928773347398476
Edge38,Edge5,15.928773347398476
Edge38,Edge6,15.928773347398476
Edge38,Edge7,15.928773347398476
Edge38,Edge8,15.928773347398476
Edge38,Edge9,3.7518707750823643
Edge38,Edge10,8.7207093057261
Edge38,Edge11,1.5831981505313322
Edge38,Edge12,8.7207093057261
Edge38,Edge13,8.7207093057261
Edge38,Edge14,4.96920556089959
Edge38,Edge15,8.7207093057261
Edge38,Edge16,8.7207093057261
Edge38,Edge17,8.7207093057261
Edge38,Edge18,1.5831981505313322
Edge38,Edge19,1.8836543374623202
Edge38,Edge20,8.7207093057261
Edge38,Edge21,15.928773347398476
Edge38,Edge22,8.7207093057261
Edge38,Edge23,8.7207093057261
Edge38,Edge24,1.8836543374623202
Edge38,Edge25,8.7207093057261
Edge38,Edge26,4.975095623762204
Edge38,Edge27,8.7207093057261
Edge38,Edge28,15.928773347398476
Edge38,Edge29,8.7207093057261
Edge38,Edge30,8.7207093057261
Edge38,Edge31,1.0720503053575317
Edge38,Edge32,8.7207093057261
Edge38,Edge33,8.7207093057261
Edge38,Edge34,8.7207093057261
Edge38,Edge35,15.928773347398476
Edge38,Edge36,8.7207093057261
Edge38,Edge37,15.928773347398476
Edge38,Edge38,1e-05
Edge38,Edge39,8.7207093057261
Edge38,Edge40,4.407607316933798
Edge38,Edge41,15.928773347398476
Edge38,Edge42,15.928773347398476
Edge38,Edge43,8.7207093057261
Edge38,Edge44,8.7207093057261
Edge38,Edge45,15.928773347398476
Edge39,Edge1,10.592382894297991
Edge39,Edge2,8.587991839981068
Edge39,Edge3,4.617108302874278
Edge39,Edge4,10.592382894297991
Edge39,Edge5,10.592382894297991
Edge39,Edge6,10.592382894297991
Edge39,Edge7,10.592382894297991
Edge39,Edge8,10.592382894297991
Edge39,Edge9,8.587991839981068
Edge39,Edge10,2.1247517866698087
Edge39,Edge11,8.587991839981068
Edge39,Edge12,2.3891256711154374
Edge39,Edge13,4.978978754187812
Edge39,Edge14,8.587991839981068
Edge39,Edge15,4.617108302874278
Edge39,Edge16,2.5466983315288205
Edge39,Edge17,4.978978754187812
Edge39,Edge18,8.587991839981068
Edge39,Edge19,8.587991839981068
Edge39,Edge20,4.831371691229708
Edge39,Edge21,10.592382894297991
Edge39,Edge22,4.978978754187812
Edge39,Edge23,4.978978754187812
Edge39,Edge24,8.587991839981068
Edge39,Edge25,4.617108302874278
Edge39,Edge26,8.587991839981068
Edge39,Edge27,2.3891256711154374
Edge39,Edge28,10.592382894297991
Edge39,Edge29,2.3891256711154374
Edge39,Edge30,4.617108302874278
Edge39,Edge31,8.587991839981068
Edge39,Edge32,2.3891256711154374
Edge39,Edge33,2.3891256711154374
Edge39,Edge34,1.6455932009362408
Edge39,Edge35,10.592382894297991
Edge39,Edge36,4.617108302874278
Edge39,Edge37,10.592382894297991
Edge39,Edge38,8.587991839981068
Edge39,Edge39,1e-05
Edge39,Edge40,8.587991839981068
Edge39,Edge41,10.592382894297991
Edge39,Edge42,10.592382894297991
Edge39,Edge43,4.617108302874278
Edge39,Edge44,4.760936190463932
Edge39,Edge45,10.592382894297991
Edge40,Edge1,15.928773347398476
Edge40,Edge2,1.8836543374623202
Edge40,Edge3,8.7207093057261
Edge40,Edge4,15.928773347398476
Edge40,Edge5,15.928773347398476
Edge40,Edge6,15.928773347398476
Edge40,Edge7,15.928773347398476
Edge40,Edge8,15.928773347398476
Edge40,Edge9,2.1603158276979926
Edge40,Edge10,8.7207093057261
Edge40,Edge11,1.5831981505313322
Edge40,Edge12,8.7207093057261
Edge40,Edge13,8.7207093057261
Edge40,Edge14,4.849379904892309
Edge40,Edge15,8.7207093057261
Edge40,Edge16,8.7207093057261
Edge40,Edge17,8.7207093057261
Edge40,Edge18,1.5831981505313322
Edge40,Edge19,1.8836543374623202
Edge40,Edge20,8.7207093057261
Edge40,Edge21,15.928773347398476
Edge40,Edge22,8.7207093057261
Edge40,Edge23,8.7207093057261
Edge40,Edge24,1.8836543374623202
Edge40,Edge25,8.7207093057261
Edge40,Edge26,2.231206533758051
Edge40,Edge27,8.7207093057261
Edge40,Edge28,15.928773347398476
Edge40,Edge29,8.7207093057261
Edge40,Edge30,8.7207093057261
Edge40,Edge31,3.0489681335368224
Edge40,Edge32,8.7207093057261
Edge40,Edge33,8.7207093057261
Edge40,Edge34,8.7207093057261
Edge40,Edge35,15.928773347398476
Edge40,Edge36,8.7207093057261
Edge40,Edge37,15.928773347398476
Edge40,Edge38,1.1233521800966613
Edge40,Edge39,8.7207093057261
Edge40,Edge40,1e-05
Edge40,Edge41,15.928773347398476
Edge40,Edge42,15.928773347398476
Edge40,Edge43,8.7207093057261
Edge40,Edge44,8.7207093057261
Edge40,Edge45,15.928773347398476
Edge41,Edge1,4.544890634365354
Edge41,Edge2,7.4589293858181485
Edge41,Edge3,15.342107306067106
Edge41,Edge4,4.544890634365354
Edge41,Edge5,4.544890634365354
Edge41,Edge6,4.240443973445365
Edge41,Edge7,4.544890634365354
Edge41,Edge8,4.194372891093228
Edge41,Edge9,7.4589293858181485
Edge41,Edge10,15.342107306067106
Edge41,Edge11,7.4589293858181485
Edge41,Edge12,15.342107306067106
Edge41,Edge13,15.342107306067106
Edge41,Edge14,7.4589293858181485
Edge41,Edge15,15.342107306067106
Edge41,Edge16,15.342107306067106
Edge41,Edge17,15.342107306067106
Edge41,Edge18,7.4589293858181485
Edge41,Edge19,7.4589293858181485
Edge41,Edge20,15.342107306067106
Edge41,Edge21,4.544890634365354
Edge41,Edge22,15.342107306067106
Edge41,Edge23,15.342107306067106
Edge41,Edge24,7.4589293858181485
Edge41,Edge25,15.342107306067106
Edge41,Edge26,7.4589293858181485
Edge41,Edge27,15.342107306067106
Edge41,Edge28,2.111275130176463
Edge41,Edge29,15.342107306067106
Edge41,Edge30,15.342107306067106
Edge41,Edge31,7.4589293858181485
Edge41,Edge32,15.342107306067106
Edge41,Edge33,15.342107306067106
Edge41,Edge34,15.342107306067106
Edge41,Edge35,4.0454170354248005
Edge41,Edge36,15.342107306067106
Edge41,Edge37,4.544890634365354
Edge41,Edge38,7.4589293858181485
Edge41,Edge39,15.342107306067106
Edge41,Edge40,7.4589293858181485
Edge41,Edge41,1e-05
Edge41,Edge42,4.2356343366339875
Edge41,Edge43,15.342107306067106
Edge41,Edge44,15.342107306067106
Edge41,Edge45,4.095719612948391
Edge42,Edge1,4.544890634365354
Edge42,Edge2,7.4589293858181485
Edge42,Edge3,15.342107306067106
Edge42,Edge4,4.544890634365354
Edge42,Edge5,4.544890634365354
Edge42,Edge6,1.4112497888770394
Edge42,Edge7,4.544890634365354
Edge42,Edge8,4.765506506568615
Edge42,Edge9,7.4589293858181485
Edge42,Edge10,15.342107306067106
Edge42,Edge11,7.4589293858181485
Edge42,Edge12,15.342107306067106
Edge42,Edge13,15.342107306067106
Edge42,Edge14,7.4589293858181485
Edge42,Edge15,15.342107306067106
Edge42,Edge16,15.342107306067106
Edge42,Edge17,15.342107306067106
Edge42,Edge18,7.4589293858181485
Edge42,Edge19,7.4589293858181485
Edge42,Edge20,15.342107306067106
Edge42,Edge21,4.544890634365354
Edge42,Edge22,15.342107306067106
Edge42,Edge23,15.342107306067106
Edge42,Edge24,7.4589293858181485
Edge42,Edge25,15.342107306067106
Edge42,Edge26,7.4589293858181485
Edge42,Edge27,15.342107306067106
Edge42,Edge28,2.362605486066138
Edge42,Edge29,15.342107306067106
Edge42,Edge30,15.342107306067106
Edge42,Edge31,7.4589293858181485
Edge42,Edge32,15.342107306067106
Edge42,Edge33,15.342107306067106
Edge42,Edge34,15.342107306067106
Edge42,Edge35,1.583344429584442
Edge42,Edge36,15.342107306067106
Edge42,Edge37,4.544890634365354
Edge42,Edge38,7.4589293858181485
Edge42,Edge39,15.342107306067106
Edge42,Edge40,7.4589293858181485
Edge42,Edge41,1.2264839507720375
Edge42,Edge42,1e-05
Edge42,Edge43,15.342107306067106
Edge42,Edge44,15.342107306067106
Edge42,Edge45,4.718915779341222
Edge43,Edge1,10.592382894297991
Edge43,Edge2,8.587991839981068
Edge43,Edge3,2.4499478348219186
Edge43,Edge4,10.592382894297991
Edge43,Edge5,10.592382894297991
Edge43,Edge6,10.592382894297991
Edge43,Edge7,10.592382894297991
Edge43,Edge8,10.592382894297991
Edge43,Edge9,8.587991839981068
Edge43,Edge10,4.370260836682499
Edge43,Edge11,8.587991839981068
Edge43,Edge12,4.184025864721898
Edge43,Edge13,1.1206369674039984
Edge43,Edge14,8.587991839981068
Edge43,Edge15,1.560637462135368
Edge43,Edge16,4.370260836682499
Edge43,Edge17,1.1206369674039984
Edge43,Edge18,8.587991839981068
Edge43,Edge19,8.587991839981068
Edge43,Edge20,4.370260836682499
Edge43,Edge21,10.592382894297991
Edge43,Edge22,1.1206369674039984
Edge43,Edge23,1.1206369674039984
Edge43,Edge24,8.587991839981068
Edge43,Edge25,4.50560565830363
Edge43,Edge26,8.587991839981068
Edge43,Edge27,4.184025864721898
Edge43,Edge28,10.592382894297991
Edge43,Edge29,4.184025864721898
Edge43,Edge30,1.6068910862168924
Edge43,Edge31,8.587991839981068
Edge43,Edge32,4.184025864721898
Edge43,Edge33,4.184025864721898
Edge43,Edge34,4.370260836682499
Edge43,Edge35,10.592382894297991
Edge43,Edge36,1.8183226227431208
Edge43,Edge37,10.592382894297991
Edge43,Edge38,8.587991839981068
Edge43,Edge39,4.370260836682499
Edge43,Edge40,8.587991839981068
Edge43,Edge41,10.592382894297991
Edge43,Edge42,10.592382894297991
Edge43,Edge43,1e-05
Edge43,Edge44,4.370260836682499
Edge43,Edge45,10.592382894297991
Edge44,Edge1,10.592382894297991
Edge44,Edge2,8.587991839981068
Edge44,Edge3,4.617108302874278
Edge44,Edge4,10.592382894297991
Edge44,Edge5,10.592382894297991
Edge44,Edge6,10.592382894297991
Edge44,Edge7,10.592382894297991
Edge44,Edge8,10.592382894297991
Edge44,Edge9,8.587991839981068
Edge44,Edge10,3.3553803789336927
Edge44,Edge11,8.587991839981068
Edge44,Edge12,2.3891256711154374
Edge44,Edge13,4.978978754187812
Edge44,Edge14,8.587991839981068
Edge44,Edge15,4.617108302874278
Edge44,Edge16,1.548261896797658
Edge44,Edge17,4.978978754187812
Edge44,Edge18,8.587991839981068
Edge44,Edge19,8.587991839981068
Edge44,Edge20,4.677178022046685
Edge44,Edge21,10.592382894297991
Edge44,Edge22,4.978978754187812
Edge44,Edge23,4.978978754187812
Edge44,Edge24,8.587991839981068
Edge44,Edge25,4.617108302874278
Edge44,Edge26,8.587991839981068
Edge44,Edge27,2.3891256711154374
Edge44,Edge28,10.592382894297991
Edge44,Edge29,2.3891256711154374
Edge44,Edge30,4.617108302874278
Edge44,Edge31,8.587991839981068
Edge44,Edge32,2.3891256711154374
Edge44,Edge33,2.3891256711154374
Edge44,Edge34,1.1826980231149355
Edge44,Edge35,10.592382894297991
Edge44,Edge36,4.617108302874278
Edge44,Edge37,10.592382894297991
Edge44,Edge38,8.587991839981068
Edge44,Edge39,3.002830989865212
Edge44,Edge40,8.587991839981068
Edge44,Edge41,10.592382894297991
Edge44,Edge42,10.592382894297991
Edge44,Edge43,4.617108302874278
Edge44,Edge44,1e-05
Edge44,Edge45,10.592382894297991
Edge45,Edge1,4.544890634365354
Edge45,Edge2,7.4589293858181485
Edge45,Edge3,15.342107306067106
Edge45,Edge4,4.544890634365354
Edge45,Edge5,4.544890634365354
Edge45,Edge6,1.1003969611318185
Edge45,Edge7,4.544890634365354
Edge45,Edge8,3.231142429374344
Edge45,Edge9,7.4589293858181485
Edge45,Edge10,15.342107306067106
Edge45,Edge11,7.4589293858181485
Edge45,Edge12,15.342107306067106
Edge45,Edge13,15.342107306067106
Edge45,Edge14,7.4589293858181485
Edge45,Edge15,15.342107306067106
Edge45,Edge16,15.342107306067106
Edge45,Edge17,15.342107306067106
Edge45,Edge18,7.4589293858181485
Edge45,Edge19,7.4589293858181485
Edge45,Edge20,15.342107306067106
Edge45,Edge21,4.544890634365354
Edge45,Edge22,15.342107306067106
Edge45,Edge23,15.342107306067106
Edge45,Edge24,7.4589293858181485
Edge45,Edge25,15.342107306067106
Edge45,Edge26,7.4589293858181485
Edge45,Edge27,15.342107306067106
Edge45,Edge28,4.36795642570499
Edge45,Edge29,15.342107306067106
Edge45,Edge30,15.342107306067106
Edge45,Edge31,7.4589293858181485
Edge45,Edge32,15.342107306067106
Edge45,Edge33,15.342107306067106
Edge45,Edge34,15.342107306067106
Edge45,Edge35,1.1765355009442802
Edge45,Edge36,15.342107306067106
Edge45,Edge37,4.544890634365354
Edge45,Edge38,7.4589293858181485
Edge45,Edge39,15.342107306067106
Edge45,Edge40,7.4589293858181485
Edge45,Edge41,4.393932499155086
Edge45,Edge42,4.359882784607279
Edge45,Edge43,15.342107306067106
Edge45,Edge44,15.342107306067106
Edge45,Edge45,1e-05
