{
    "Large1": 534,
    "Large2": 486,
    "Large3": 550,
    "Medium1": 172,
    "Medium2": 204,
    "Medium3": 191,
    "Medium4": 219,
    "Medium5": 165,
    "Medium6": 224,
    "Medium7": 192,
    "Medium8": 155,
    "Medium9": 208,
    "Edge1": 91,
    "Edge2": 138,
    "Edge3": 71,
    "Edge4": 69,
    "Edge5": 112,
    "Edge6": 132,
    "Edge7": 109,
    "Edge8": 110,
    "Edge9": 116,
    "Edge10": 94,
    "Edge11": 119,
    "Edge12": 59,
    "Edge13": 54,
    "Edge14": 100,
    "Edge15": 62,
    "Edge16": 95,
    "Edge17": 147,
    "Edge18": 136,
    "Edge19": 84,
    "Edge20": 131,
    "Edge21": 138,
    "Edge22": 115,
    "Edge23": 123,
    "Edge24": 130,
    "Edge25": 66,
    "Edge26": 114,
    "Edge27": 71,
    "Edge28": 92,
    "Edge29": 82,
    "Edge30": 94,
    "Edge31": 131,
    "Edge32": 115,
    "Edge33": 150,
    "Edge34": 78,
    "Edge35": 52,
    "Edge36": 108,
    "Edge37": 84,
    "Edge38": 121,
    "Edge39": 70,
    "Edge40": 109,
    "Edge41": 75,
    "Edge42": 150,
    "Edge43": 99,
    "Edge44": 92,
    "Edge45": 147
}